date,time,job_id,service_acc,circuit,mitigation,backend,S,a1b1c1d1e1f1g1h1,a2b2c1d2e1f1g1h1,a2b2c2d1e2f2g2h2,a1b1c2d2e2f2g2h2,Ideal S,Ideal_a1b1c1d1e1f1g1h1,Ideal_a2b2c1d2e1f1g1h1,Ideal_a2b2c2d1e2f2g2h2,Ideal_a1b1c2d2e2f2g2h2
19-01-2026,14:50:34,d5mvdmbh36vs73bilvc0,swapnil_charutarhealth,GHZ_UGC,no_mitigation,ibm_fez,2.9836,0.7432,-0.7312,0.7488,0.7604,4,1,-1,1,1
19-01-2026,14:51:22,d5mvdmbh36vs73bilvc0,swapnil_charutarhealth,GHZ_UGC,no_mitigation+m3,ibm_fez,3.3807371341201744,0.8379837983798379,-0.830932373,0.8482482482482483,0.8635727145429086,4,1,-1,1,1
19-01-2026,17:33:47,d5n0bet9j2ac739lc5ug,swapnil_charutarhealth,GHZ_UGC,full_mitigation,ibm_marrakesh,2.9808,0.7302,-0.759,0.7406,0.751,4,1,-1,1,1
19-01-2026,17:57:52,d5n0bet9j2ac739lc5ug,swapnil_charutarhealth,GHZ_UGC,full_mitigation+m3,ibm_marrakesh,3.326078820195357,0.8077230892356942,-0.844215578,0.8154553633909827,0.8586847891265241,4,1,-1,1,1
19-01-2026,18:10:44,d5n0a1ph2mqc739bdl70,swapnil_charutarhealth,GHZ_DC,full_mitigation,ibm_fez,1.4094,0.3458,-0.3558,0.3408,0.367,4,1,-1,1,1
19-01-2026,18:18:20,d5n0a1ph2mqc739bdl70,swapnil_charutarhealth,GHZ_DC,full_mitigation+m3,ibm_fez,0.027453271,-0.004692024,-0.006586826,0.011184342,0.014374127,4,1,-1,1,1
19-01-2026,18:18:23,d5n08148d8hc73ch5bq0,swapnil_charutarhealth,GHZ_UGC,full_mitigation,ibm_fez,2.8578,0.7042,-0.715,0.7304,0.7082,4,1,-1,1,1
19-01-2026,18:21:16,d5n08148d8hc73ch5bq0,swapnil_charutarhealth,GHZ_UGC,full_mitigation+m3,ibm_fez,3.199712380023775,0.7873362008602581,-0.801,0.818672531,0.792703648,4,1,-1,1,1
19-01-2026,18:21:19,d5mvsmjh36vs73bime80,swapnil_charutarhealth,GHZ_DC,no_mitigation,ibm_marrakesh,-0.014,0.006,0.007,-0.0016,-0.0114,4,1,-1,1,1
19-01-2026,18:26:21,d5mvsmjh36vs73bime80,swapnil_charutarhealth,GHZ_DC,no_mitigation+m3,ibm_marrakesh,0.025293967,0.016729735,-0.001591406,-0.003584943,0.010557769,4,1,-1,1,1
19-01-2026,18:26:24,d5mvl5s8d8hc73ch4olg,swapnil_charutarhealth,GHZ_UGC,no_mitigation,ibm_marrakesh,2.8276,0.7046,-0.6878,0.7268,0.7084,4,1,-1,1,1
19-01-2026,18:31:50,d5mvl5s8d8hc73ch4olg,swapnil_charutarhealth,GHZ_UGC,no_mitigation+m3,ibm_marrakesh,3.2099907610098533,0.7998799279567741,-0.779976019,0.825852244,0.8042825695417251,4,1,-1,1,1
19-01-2026,18:31:53,d5mvk6ph2mqc739bcuvg,swapnil_charutarhealth,GHZ_DC,no_mitigation,ibm_fez,1.6596,0.4236,-0.4008,0.4176,0.4176,4,1,-1,1,1
19-01-2026,18:32:25,d5mvk6ph2mqc739bcuvg,swapnil_charutarhealth,GHZ_DC,no_mitigation+m3,ibm_fez,0.006794002,0.00998602,0.006191332,0.011783503,-0.008784188,4,1,-1,1,1
19-01-2026,18:51:33,d5n2thk8d8hc73ch8gpg,swapnil_charutarhealth,GHZ_DC,full_mitigation,ibm_marrakesh,0.0264,-0.0014,-0.017,0.008,0.0028,4,1,-1,1,1
19-01-2026,18:59:38,d5n2thk8d8hc73ch8gpg,swapnil_charutarhealth,GHZ_DC,full_mitigation+m3,ibm_marrakesh,-0.010244454,0.0,-0.009847807,-0.005971338,-0.014120923,4,1,-1,1,1
21-01-2026,16:19:50,d5oauft9j2ac739msbfg,tomisdaksh,GHZ_UGS,no_mitigation,ibm_fez,2.6012,0.6506,-0.6514,0.6486,0.6506,4,1,-1,1,1
21-01-2026,16:20:02,d5oauft9j2ac739msbfg,tomisdaksh,GHZ_UGS,no_mitigation+m3,ibm_fez,2.944909973978713,0.7368157710397278,-0.73814763,0.7339201760528159,0.736026397,4,1,-1,1,1
21-01-2026,16:24:31,d5oavi48d8hc73cimh30,tomisdaksh,GHZ_UGS,no_mitigation,ibm_marrakesh,1.7521999999999998,0.4026,-0.4124,0.4564,0.4808,4,1,-1,1,1
21-01-2026,16:28:32,d5oavi48d8hc73cimh30,tomisdaksh,GHZ_UGS,no_mitigation+m3,ibm_marrakesh,2.130590553543458,0.4903019396120776,-0.500649935,0.5553555355535553,0.5842831433713257,4,1,-1,1,1
21-01-2026,16:29:53,d5ob3659j2ac739msggg,tomisdaksh,GHZ_UGS,full_mitigation,ibm_fez,2.4616,0.6098,-0.605,0.6224,0.6244,4,1,-1,1,1
21-01-2026,16:30:06,d5ob3659j2ac739msggg,tomisdaksh,GHZ_UGS,full_mitigation+m3,ibm_fez,2.7901037519722496,0.6906309369063094,-0.685937187,0.7052231338803282,0.7083124937481244,4,1,-1,1,1
21-01-2026,16:34:23,d5ob3tk8d8hc73cimlog,tomisdaksh,GHZ_UGS,full_mitigation,ibm_marrakesh,1.6502,0.3692,-0.3802,0.4494,0.4514,4,1,-1,1,1
21-01-2026,16:38:29,d5ob3tk8d8hc73cimlog,tomisdaksh,GHZ_UGS,full_mitigation+m3,ibm_marrakesh,2.049130526008167,0.4598540145985401,-0.471588635,0.557955796,0.5597320803758873,4,1,-1,1,1
22-01-2026,15:58:58,d5ovlsc8d8hc73cjbvn0,tomisdaksh,GHZ_UGC,no_mitigation,ibm_marrakesh,3.2786,0.8114,-0.8136,0.828,0.8256,4,1,-1,1,1
22-01-2026,16:02:37,d5ovlsc8d8hc73cjbvn0,tomisdaksh,GHZ_UGC,no_mitigation+m3,ibm_marrakesh,3.616278743987815,0.8955895589558955,-0.89707205,0.912087912,0.911529223,4,1,-1,1,1
22-01-2026,16:13:35,d5ovt759j2ac739ni2ag,tomisdaksh,GHZ_UGC,full_mitigation,ibm_marrakesh,3.1228,0.7904,-0.774,0.785,0.7734,4,1,-1,1,1
22-01-2026,16:16:48,d5ovt759j2ac739ni2ag,tomisdaksh,GHZ_UGC,full_mitigation+m3,ibm_marrakesh,3.427884486,0.8689344672336168,-0.848705906,0.8616138386161384,0.848630274,4,1,-1,1,1
23-01-2026,12:05:09,d5phd465v3os73f21ml0,tomisdaksh,GHZ_UGC,no_mitigation,ibm_fez,2.533,0.6164,-0.6396,0.6518,0.6252,4,1,-1,1,1
23-01-2026,12:05:23,d5phd465v3os73f21ml0,tomisdaksh,GHZ_UGC,no_mitigation+m3,ibm_fez,3.271370504532964,0.7956613016095171,-0.827634473,0.8404478656403079,0.807626864,4,1,-1,1,1
23-01-2026,12:06:02,d5phdh9dgvjs73dbp1f0,tomisdaksh,GHZ_UGS,no_mitigation,ibm_fez,2.4972,0.5988,-0.6172,0.6432,0.638,4,1,-1,1,1
23-01-2026,12:06:20,d5phdh9dgvjs73dbp1f0,tomisdaksh,GHZ_UGS,no_mitigation+m3,ibm_fez,3.007337342165427,0.7210836748975308,-0.743497399,0.7748026775901689,0.7679535907181436,4,1,-1,1,1
23-01-2026,12:10:00,d5phdtgh0i0s73ep9jqg,tomisdaksh,GHZ_UGC,no_mitigation,ibm_marrakesh,3.2864,0.8098,-0.824,0.8208,0.8318,4,1,-1,1,1
23-01-2026,12:13:30,d5phdtgh0i0s73ep9jqg,tomisdaksh,GHZ_UGC,no_mitigation+m3,ibm_marrakesh,3.8095391713773967,0.9377751100440176,-0.9558,0.952171303,0.9637927585517104,4,1,-1,1,1
23-01-2026,12:24:07,d5phm08r0v5s739o0m60,tomisdaksh,GHZ_UGC,full_mitigation,ibm_fez,2.3364000000000003,0.587,-0.5804,0.5902,0.5788,4,1,-1,1,1
23-01-2026,12:24:20,d5phm08r0v5s739o0m60,tomisdaksh,GHZ_UGC,full_mitigation+m3,ibm_fez,3.009219344155202,0.7561512302460492,-0.746946947,0.7598480303939212,0.7462731365682841,4,1,-1,1,1
23-01-2026,12:24:54,d5phmbhdgvjs73dbpcfg,tomisdaksh,GHZ_UGS,full_mitigation,ibm_fez,2.2144,0.528,-0.5342,0.572,0.5802,4,1,-1,1,1
23-01-2026,12:25:08,d5phmbhdgvjs73dbpcfg,tomisdaksh,GHZ_UGS,full_mitigation+m3,ibm_fez,2.683883514180397,0.6403798100949525,-0.646905928,0.6927385477095419,0.7038592281543691,4,1,-1,1,1
23-01-2026,12:29:36,d5phmne5v3os73f222k0,tomisdaksh,GHZ_UGC,full_mitigation,ibm_marrakesh,2.9670000000000005,0.7356,-0.7374,0.7422,0.7518,4,1,-1,1,1
23-01-2026,12:33:12,d5phmne5v3os73f222k0,tomisdaksh,GHZ_UGC,full_mitigation+m3,ibm_marrakesh,3.372807835806724,0.8353152793044869,-0.838648405,0.8450295324857343,0.8538146185381462,4,1,-1,1,1
23-01-2026,21:27:14,d5ppkh8h0i0s73epjl20,tomisdaksh,GHZ_UGC,no_mitigation,ibm_fez,1.9742,0.5082,-0.4804,0.4874,0.4982,4,1,-1,1,1
23-01-2026,21:28:02,d5ppkh8h0i0s73epjl20,tomisdaksh,GHZ_UGC,no_mitigation+m3,ibm_fez,2.9681459012493208,0.763036963,-0.722455509,0.7328534293141372,0.7498,4,1,-1,1,1
23-01-2026,21:28:52,d5ppl98r0v5s739oae1g,tomisdaksh,GHZ_UGS,no_mitigation,ibm_fez,1.7245999999999997,0.4216,-0.424,0.4184,0.4606,4,1,-1,1,1
23-01-2026,21:29:13,d5ppl98r0v5s739oae1g,tomisdaksh,GHZ_UGS,no_mitigation+m3,ibm_fez,2.4296286671760354,0.5938406159384062,-0.597840216,0.588923323,0.6490245122561281,4,1,-1,1,1
23-01-2026,21:30:15,d5pplqpdgvjs73dc34p0,tomisdaksh,GHZ_UGC,no_mitigation,ibm_marrakesh,3.1892,0.7904,-0.799,0.801,0.7988,4,1,-1,1,1
23-01-2026,21:30:32,d5pplqpdgvjs73dc34p0,tomisdaksh,GHZ_UGC,no_mitigation+m3,ibm_marrakesh,3.4959316293774045,0.8669467787114846,-0.875237429,0.8776978417266187,0.8760495801679328,4,1,-1,1,1
23-01-2026,21:31:23,d5ppmf0r0v5s739oafag,tomisdaksh,GHZ_UGS,no_mitigation,ibm_marrakesh,2.2452,0.5568,-0.5504,0.5538,0.5842,4,1,-1,1,1
23-01-2026,21:31:39,d5ppmf0r0v5s739oafag,tomisdaksh,GHZ_UGS,no_mitigation+m3,ibm_marrakesh,2.6759471107522543,0.6632316158079039,-0.655503349,0.6604302151075537,0.6967819308414951,4,1,-1,1,1
23-01-2026,21:41:40,d5ppmvu5v3os73f2brpg,tomisdaksh,GHZ_UGC,full_mitigation,ibm_fez,1.3832,0.3606,-0.3472,0.3436,0.3318,4,1,-1,1,1
23-01-2026,21:48:24,d5ppmvu5v3os73f2brpg,tomisdaksh,GHZ_UGC,full_mitigation+m3,ibm_fez,2.077694914499834,0.5418,-0.521304261,0.5166416791604198,0.4979489744872436,4,1,-1,1,1
23-01-2026,21:49:16,d5ppurgh0i0s73epk2a0,tomisdaksh,GHZ_UGS,full_mitigation,ibm_fez,0.6638,0.1278,-0.1908,0.1404,0.2048,4,1,-1,1,1
23-01-2026,21:49:29,d5ppurgh0i0s73epk2a0,tomisdaksh,GHZ_UGS,full_mitigation+m3,ibm_fez,0.9474185643134814,0.1824276993895727,-0.2726,0.2005200520052005,0.2918708129187081,4,1,-1,1,1
23-01-2026,21:50:18,d5ppvahdgvjs73dc3gh0,tomisdaksh,GHZ_UGC,full_mitigation,ibm_marrakesh,3.1538,0.7938,-0.7954,0.7828,0.7818,4,1,-1,1,1
23-01-2026,21:50:38,d5ppvahdgvjs73dc3gh0,tomisdaksh,GHZ_UGC,full_mitigation+m3,ibm_marrakesh,3.530220607985384,0.8896,-0.891545773,0.8752748350989407,0.8738,4,1,-1,1,1
23-01-2026,21:51:30,d5ppvse5v3os73f2c6pg,tomisdaksh,GHZ_UGS,full_mitigation,ibm_marrakesh,1.9646,0.482,-0.443,0.5166,0.523,4,1,-1,1,1
23-01-2026,21:51:50,d5ppvse5v3os73f2c6pg,tomisdaksh,GHZ_UGS,full_mitigation+m3,ibm_marrakesh,2.327217046770423,0.5720288115246098,-0.524467127,0.6115496053551803,0.619171503,4,1,-1,1,1
24-01-2026,15:32:36,d5q9hbm5v3os73f2ug7g,tomisdaksh,GHZ_UGS,no_mitigation,ibm_fez,2.3858,0.6222,-0.557,0.598,0.6086,4,1,-1,1,1
24-01-2026,15:32:49,d5q9hbm5v3os73f2ug7g,tomisdaksh,GHZ_UGS,no_mitigation+m3,ibm_fez,2.848043238382756,0.7432,-0.66490053,0.7135427085417083,0.7264,4,1,-1,1,1
24-01-2026,15:33:24,d5q9hmm5v3os73f2ugi0,tomisdaksh,GHZ_UGS,no_mitigation,ibm_marrakesh,2.6446,0.671,-0.6484,0.6644,0.6608,4,1,-1,1,1
24-01-2026,15:33:37,d5q9hmm5v3os73f2ugi0,tomisdaksh,GHZ_UGS,no_mitigation+m3,ibm_marrakesh,2.964287768810076,0.75224955,-0.726972697,0.7448213749624737,0.7402441464878927,4,1,-1,1,1
24-01-2026,16:12:37,d5qa44m5v3os73f2v310,vedant,GHZ_UGS,full_mitigation,ibm_fez,2.3834,0.5868,-0.573,0.5982,0.6254,4,1,-1,1,1
24-01-2026,16:12:51,d5qa44m5v3os73f2v310,vedant,GHZ_UGS,full_mitigation+m3,ibm_fez,2.8603555583450064,0.7052,-0.68747499,0.7176305783470082,0.7500499900019996,4,1,-1,1,1
24-01-2026,16:13:22,d5qa4g8h0i0s73eq72b0,vedant,GHZ_UGS,full_mitigation,ibm_marrakesh,2.44,0.6148,-0.613,0.6076,0.6046,4,1,-1,1,1
24-01-2026,16:13:35,d5qa4g8h0i0s73eq72b0,vedant,GHZ_UGS,full_mitigation+m3,ibm_marrakesh,2.746612313338608,0.6925692569256926,-0.68947579,0.6831584207896052,0.6814088453071843,4,1,-1,1,1
30-01-2026,22:51:26,d5udf74cqoec73dkr4eg,vedant,GHZ_DC,no_mitigation,ibm_marrakesh,1.2774,0.302,-0.3332,0.3228,0.3194,4,1,-1,1,1
31-01-2026,10:40:49,d5udf74cqoec73dkr4eg,vedant,GHZ_DC,no_mitigation+m3,ibm_marrakesh,1.3657608770725052,0.3218034589623113,-0.357970435,0.3463190490460493,0.3396679335867173,4,1,-1,1,1
31-01-2026,12:58:05,d5uqtspfodos73emompg,vedant,GHZ_DC,no_mitigation,ibm_fez,0.8308,0.2024,-0.2144,0.2072,0.2068,4,1,-1,1,1
31-01-2026,12:58:26,d5uqtspfodos73emompg,vedant,GHZ_DC,no_mitigation+m3,ibm_fez,0.9300619026676772,0.2243717590745911,-0.2414136386261821,0.2329421125920031,0.2313343923749007,4,1,-1,1,1
31-01-2026,13:28:51,d5ur0vscqoec73dlb240,vedant,GHZ_DC,full_mitigation,ibm_fez,1.7606374999999996,0.42978124999999995,-0.43476875,0.45880624999999997,0.4372812499999999,4,1,-1,1,1
31-01-2026,13:32:20,d5ur0vscqoec73dlb240,Vishal,GHZ_DC,full_mitigation+m3,ibm_fez,2.037202211712451,0.4990436833711055,-0.5028397972630974,0.5323015674410009,0.5030171636372469,4,1,-1,1,1
31-01-2026,13:43:57,d5urge4cqoec73dlbkpg,Vishal,GHZ_DC,full_mitigation,ibm_marrakesh,2.5281062500000004,0.6261000000000001,-0.62733125,0.6378250000000001,0.63685,4,1,-1,1,1
31-01-2026,13:53:46,d5urge4cqoec73dlbkpg,Vishal,GHZ_DC,full_mitigation+m3,ibm_marrakesh,2.7585092436916696,0.6412227942035642,-0.6549692111323705,0.7368457891012897,0.7254714492544448,4,1,-1,1,1
